round,train_loss,mean_reward,success_rate,policy_entropy,cpu_usage,gpu_usage,network_mb,train_time,total_latency
1,14.336143,17.6863,0.0,0.9997,0.0,0.0,78.845,0.0,3.79
2,1.818819,45.7039,0.0,0.7435,25.2,0.0,239.83,0.0,11.02
3,5.765713,108.5589,0.0,0.5619,25.5,0.0,588.664,0.0,13.79
4,11.166592,152.0071,0.0,0.4323,21.6,0.0,6915.213,0.0,136.39
5,14.913441,194.734,0.0,0.3338,27.8,0.0,190.68,0.0,11.68
6,17.824549,226.6852,0.0,0.2558,27.85,0.0,233.872,0.0,11.66
7,21.550118,236.3618,0.0,0.2004,27.9,0.0,473.797,0.0,11.73
8,24.309087,250.1975,0.0,0.1584,27.8,0.0,151.113,0.0,11.63
